[
 {
   "id": "drill-0",
   "title": "Lag Practice",
   "category": "fundamental",
   "rules": "Place any ball anywhere on the first diamond string. Strike the ball straight into the top rail with enough speed to return it to the target zone shown on the diagram. ",
   "scoring": "1 point if the ball stops within the target zone, or 2 points if the ball stops within one ball-length from the bottom rail. Record total points and attempts.",
   "url": "https://pad.chalkysticks.com/e6621.svg"
 },
 {
   "id": "drill-1",
   "title": "Speed Control",
   "category": "fundamental",
   "rules": "Place any ball anywhere on the first diamond string. Strike the ball straight into the top rail with enough speed to return it to Zone 1 shown on the diagram. Start again from the same starting position and strike the ball again into the top rail, but with enough speed to return it to Zone 2. Then again, from the same starting position to arrive in Zone 3.",
   "scoring": "1 point for landing the ball in the targeted zone. Record total points and attempts.",
   "url": "https://pad.chalkysticks.com/695c2.svg"
 },
 {
   "id": "drill-26",
   "title": "Spot and Back",
   "category": "fundamental",
   "rules": "Place any ball on the head spot. Strike the ball so it passes over the foot spot and into the opposing rail so it returns in a straight line, retracing its original path and passing through the head spot where it began.",
   "scoring": "1 point for a success. Record total points and attempts.",
   "url": "https://pad.chalkysticks.com/1b394.svg"
 },
 {
   "id": "drill-2",
   "title": "Straight Stroke",
   "category": "fundamental",
   "rules": "With the CB on the head spot and the OB on the foot spot (spot to spot), shoot the CB straight into the OB. The objective is to make the OB rebound and strike the CB squarely so the CB rolls straight back toward the head spot where it began (a straight line).",
   "scoring": "1 point if the OB hits the CB on rebound. 2 points if the OB remains below the CB after it hits the CB. 3 points if the CB travels a straight path toward the head spot after the OB strikes it. Record total points and total attempts.",
   "url": "https://pad.chalkysticks.com/cc866.svg"
 },
 {
   "id": "drill-3",
   "title": "Short Straight Stop",
   "category": "fundamental",
   "rules": "Pocket the OB while stopping the CB dead (no roll).",
   "scoring": "Score a point for making the OB. Score an additional point for stopping the CB dead (within the diameter of a ball). Record total points and total attempts. ",
   "url": "https://pad.chalkysticks.com/0b0ec.svg"
 },
 {
   "id": "drill-4",
   "title": "Short Straight Follow",
   "category": "fundamental",
   "rules": "Pocket the OB and follow the CB into the same pocket.",
   "scoring": "Score a point for making the OB. Score an additional point for following the CB into the same pocket. Record total points and total attempts. ",
   "url": "https://pad.chalkysticks.com/0b0ec.svg"
 },
 {
   "id": "drill-5",
   "title": "Short Straight Draw",
   "category": "fundamental",
   "rules": "Pocket the OB and draw the CB back close to its origin.",
   "scoring": "Score a point for making the OB. Score an additional point for drawing the CB back close to its origin.",
   "url": "https://pad.chalkysticks.com/0b0ec.svg"
 },
 {
   "id": "drill-6",
   "title": "Long Straight Stop",
   "category": "fundamental",
   "rules": "Pocket the OB while stopping the CB dead (no roll).",
   "scoring": "Score a point for making the OB. Score an additional point for stopping the CB dead (within the diameter of a ball). Record total points and total attempts. ",
   "url": "https://pad.chalkysticks.com/72370.svg"
 },
 {
   "id": "drill-7",
   "title": "Long Straight Follow",
   "category": "fundamental",
   "rules": "Pocket the OB and follow the CB into the same pocket.",
   "scoring": "Score a point for making the OB. Score an additional point for following the CB into the same pocket. Record total points and total attempts. ",
   "url": "https://pad.chalkysticks.com/72370.svg"
 },
 {
   "id": "drill-8",
   "title": "Long Straight Draw",
   "category": "fundamental",
   "rules": "Pocket the OB and draw the CB back close to its origin.",
   "scoring": "Score a point for making the OB. Score an additional point for drawing the CB back close to its origin.",
   "url": "https://pad.chalkysticks.com/72370.svg"
 },
 {
   "id": "drill-25",
   "title": "Spot Shot",
   "category": "fundamental",
   "rules": "Place the CB behind the head string, two balls length from the right rail. Spot the OB. Make the OB in the opposite corner. When you completed a set of shots, place the CB behind th head string, two balls length from the left rail. Spot the OB. Make the OB in the opposite corner. ",
   "scoring": "1 point per pocketed ball. Record total points and total attempts.",
   "url": "https://pad.chalkysticks.com/4b9e3.svg"
 },
 {
   "id": "drill-9",
   "title": "Elbo Corner",
   "category": "cut",
   "rules": "Start each shot with the CB at the point indicated. Start with the straight-in shot, then work your way down one side, then the other. If you miss a shot, replace the CB and OB and try again until you make it. ",
   "scoring": "Count all attempts until all 9 shots have been made.",
   "url": "https://pad.chalkysticks.com/6f00c.svg"
 },
 {
   "id": "drill-10",
   "title": "Side Wall",
   "category": "cut",
   "rules": "Start each shot with the CB at the point indicated. Start with the straight-in shot, then work your way down one side, then the other. If you miss a shot, replace the CB and OB and try again until you make it. ",
   "scoring": "Count all attempts until all 5 shots have been made.",
   "url": "https://pad.chalkysticks.com/3144b.svg"
 },
 {
   "id": "drill-11",
   "title": "Horizontal Footer",
   "category": "cut",
   "rules": "Start each shot with the CB at the point indicated. Start at one end of the line and work your way to the other, pocketing the balls in the nearest corner pocket.  If you miss a shot, replace the CB and OB and try again until you make it. ",
   "scoring": "Count all attempts until all 9 shots have been made.",
   "url": "https://pad.chalkysticks.com/bbbbe.svg"
 },
 {
   "id": "drill-12",
   "title": "Vertical Footer",
   "category": "cut",
   "rules": "Start each shot with the CB at the point indicated. Pocket all the balls in the left corner. Then set them up again for the right corner. If you miss, replace the CB and OB and try again. Keep track of attempts.",
   "scoring": "Count all attempts until all 5 (x2) shots have been made.",
   "url": "https://pad.chalkysticks.com/fc5d0.svg"
 },
 {
   "id": "drill-13",
   "title": "Long Cuts",
   "category": "cut",
   "rules": "Start each shot with the CB at the point indicated. Pocket all the balls in the top corner. Then set them up again on the other side for the bottom corner. If you miss, replace the CB and OB and try again. Keep track of attempts.",
   "scoring": "Count all attempts until all 5 (x2) shots have been made.",
   "url": "https://pad.chalkysticks.com/43e6a.svg"
 },
 {
   "id": "drill-14",
   "title": "Elbow Run",
   "category": "classic",
   "rules": "Set up 9 OBs as indicated. Take ball in hand on the first shot, then pocket the balls in order starting with the ball closest to the rail.",
   "scoring": "Shoot until you miss. Count the number of balls you pocketed and record it. Enter exactly 9 attempts, even if you miss before pocketing all 9.",
   "url": "https://pad.chalkysticks.com/a309e.svg"
 },
 {
   "id": "drill-15",
   "title": "Smile Run",
   "category": "classic",
   "rules": "Set up 7 OBs as indicated. Take ball in hand on the first shot, then make the balls in the side pocket in order.",
   "scoring": "Shoot until you miss. Count the number of balls you pocketed and record it. Enter exactly 7 attempts, even if you miss before pocketing all 7.",
   "url": "https://pad.chalkysticks.com/dbf72.svg"
 },
 {
   "id": "drill-16",
   "title": "Short Straight-in Run",
   "category": "classic",
   "rules": "Set up 5 OBs as indicated. Take ball in hand on the first shot, then pocket all balls in the top corner in order starting with the ball closest to the rail. When complete, set balls up again for the other side of the table/corner.",
   "scoring": "Shoot until you miss. Count the number of balls you pocketed (both sets) and record it. Enter exactly 10 attempts, even if you miss before pocketing all 10.",
   "url": "https://pad.chalkysticks.com/d0554.svg"
 },
 {
   "id": "drill-17",
   "title": "Long Straight-in Run",
   "category": "classic",
   "rules": "Set up 5 OBs as indicated. Take ball in hand on the first shot, then pocket all balls in the top corner in order starting with the ball closest to the rail. When complete, set balls up again for the other side of the table/corner.",
   "scoring": "Shoot until you miss. Count the number of balls you pocketed (both sets) and record it. Enter exactly 10 attempts, even if you miss before pocketing all 10.",
   "url": "https://pad.chalkysticks.com/72571.svg"
 },
 {
   "id": "drill-18",
   "title": "Alternate Corners 1",
   "category": "classic",
   "rules": "Set up 12 OBs as indicated. Take ball in hand on the first shot, then make the 1 ball in the top left corner pocket, the 2 ball in the bottom right corner, etc.",
   "scoring": "Shoot until you miss. Count the number of balls you pocketed and record it. Enter exactly 12 attempts, even if you miss before pocketing all 12.",
   "url": "https://pad.chalkysticks.com/f59e5.svg"
 },
 {
   "id": "drill-19",
   "title": "Alternate Corners 2",
   "category": "classic",
   "rules": "Set up 12 OBs as indicated. Take ball in hand on the first shot, then make the 1 ball in the top left corner pocket, the 2 ball in the bottom right corner, etc.",
   "scoring": "Shoot until you miss. Count the number of balls you pocketed and record it. Enter exactly 12 attempts, even if you miss before pocketing all 12.",
   "url": "https://pad.chalkysticks.com/9c1ca.svg"
 },
 {
   "id": "drill-20",
   "title": "Border Line",
   "category": "position",
   "rules": "Set up 12 OBs as indicated. Take ball in hand on the first shot, then run the balls in any order you wish.",
   "scoring": "Shoot until you miss. Count the number of balls you pocketed and record it. Enter exactly 12 attempts, even if you miss before pocketing all 12.",
   "url": "https://pad.chalkysticks.com/a0920.svg"
 },
 {
   "id": "drill-21",
   "title": "Double Cross",
   "category": "position",
   "rules": "Set up 12 OBs as indicated. Take ball in hand on the first shot, then run the balls in numerical order. ",
   "scoring": "Shoot until you miss. Count the number of balls you pocketed and record it. Enter exactly 12 attempts, even if you miss before pocketing all 12.",
   "url": "https://pad.chalkysticks.com/4ae1f.svg"
 },
 {
   "id": "drill-22",
   "title": "Rolling Safe",
   "category": "safe",
   "rules": "Place the CB on the head spot.  Place the OB one diamond down table from the CB. Shoot the CB into the OB so it arrives at one of the red spots in the diagram. If you miss, replace the CB and OB and try again until you succeed.",
   "scoring": "Count all attempts until all 11 targets have been hit.",
   "url": "https://pad.chalkysticks.com/913ef.svg"
 },
 {
   "id": "drill-23",
   "title": "Half-Ball Control 1",
   "category": "safe",
   "rules": "Hit the CB with running english striking half the OB with enough speed to make the OB end up on the short rail in the middle.  The CB should stop somewhere down tablet. You'll know you hit half the OB because the CB and OB will strike the long rail at the same time.",
   "scoring": "Count attempts and successes (leaving a tough shot). 1 point for a success. Record total points and attempts.",
   "url": "https://pad.chalkysticks.com/a5c17.svg"
 },
 {
   "id": "drill-24",
   "title": "Half-Ball Control 2",
   "category": "safe",
   "rules": "Hit the CB with running english striking half the OB with enough speed to make the CB and the OB end up on opposite long rails between the corner and side pockets. You'll know you hit half the OB because the CB and OB will strike the short rail at the same time.",
   "scoring": "Count attempts and successes (leaving a tough shot). 1 point for a success. Record total points and attempts.",
   "url": "https://pad.chalkysticks.com/36900.svg"
 },
 {
   "id": "drill-27",
   "title": "Diamond Path 1",
   "category": "kick",
   "rules": "Place an OB an inch or so from the long rail, at each of the eight diamond markers as shown. Bank each ball off the opposite rail into the bottom-left corner pocket. The trick is to note which diamond you're starting from, then shoot at the diamond on the opposite rail that is half the value of the one you are shooting from. You may have to apply a bit of running english.",
   "scoring": "Count attempts and successes.",
   "url": "https://pad.chalkysticks.com/dbcb7.svg"
 },
 {
   "id": "drill-28",
   "title": "Diamond Path 2",
   "category": "kick",
   "rules": "Place an OB in the middle of the table on each of the seven diamond strings as shown. Bank each ball off the opposite rail into the bottom-left corner pocket. The trick is to note which path you're on, then shoot at the spot on the opposite rail that is half the value of the path's origin. You may have to apply a bit of running english. A path begins from one side of the table at diamond x, and connects to the opposite rail at diamond x/2. Example: A path from diamond 3 (x in the equation) on the long rail, would connect to diamond 1.5 (x divided by 2) on the opposite rail, to be pocketed at diamond 0 (the corner pocket). To find the path your OB is sitting on, look for a known path closest to your ball, then guestimate your path from there. Keep the 2/1 ratio in mind.",
   "scoring": "Count attempts and successes.",
   "url": "https://pad.chalkysticks.com/583a0.svg"
 },
 {
   "id": "drill-29",
   "title": "Rail to Spot 1",
   "category": "position",
   "rules": "Place the OB an inch from the bottom rail as shown. Place a TB on the spot. Place the CB where shown, and use chalk to mark it. It doesn't matter where you place the CB, but mark the spot you decide for the CB and always shoot from that spot for the entire drill. The objective is to make the OB, then have the CB rebound and strike the TB.",
   "scoring": "1pt for making the OB. 1pt if the CB strikes the TB. 1pt if the CB and TB end up only a ball length or less from each other.",
   "url": "https://pad.chalkysticks.com/f261b.svg"
 },
 {
   "id": "drill-30",
   "title": "Rail to Spot 2",
   "category": "position",
   "rules": "Place the OB an inch from the bottom rail as shown. Place a TB on the spot. Place the CB where shown, and use chalk to mark it. It doesn't matter where you place the CB, but mark the spot you decide for the CB and always shoot from that spot for the entire drill. The objective is to make the OB, then have the CB rebound and strike the TB.",
   "scoring": "1pt for making the OB. 1pt if the CB strikes the TB. 1pt if the CB and TB end up only a ball length or less from each other.",
   "url": "https://pad.chalkysticks.com/eebc1.svg"
 },
 {
   "id": "drill-31",
   "title": "Rail to Spot 3",
   "category": "position",
   "rules": "Place the OB an inch from the bottom rail as shown. Place a TB on the spot. Place the CB where shown, and use chalk to mark it. It doesn't matter where you place the CB, but mark the spot you decide for the CB and always shoot from that spot for the entire drill. The objective is to make the OB, then have the CB rebound and strike the TB.",
   "scoring": "1pt for making the OB. 1pt if the CB strikes the TB. 1pt if the CB and TB end up only a ball length or less from each other.",
   "url": "https://pad.chalkysticks.com/1de23.svg"
 },
 {
   "id": "drill-32",
   "title": "Mid to Mid Kick 1",
   "category": "kick",
   "rules": "Place the CB on the table as shown along with one of the OBs. Kick each OB in succession. ",
   "scoring": "1 point for contacting the OB and a bonus point if the OB hits the rail.",
   "url": "https://pad.chalkysticks.com/49051.svg"
 },
 {
   "id": "drill-33",
   "title": "Mid to Mid Kick 2",
   "category": "kick",
   "rules": "Place the CB on the table as shown and kick each OB in succession. ",
   "scoring": "1 point for contacting the OB and a bonus point if the OB hits the rail.",
   "url": "https://pad.chalkysticks.com/3609f.svg"
 },
 {
   "id": "drill-34",
   "title": "Tangent Line",
   "category": "position",
   "rules": "Place the CB and OB as shown. Use soft, medium, and hard follow to hit the red balls (TB - target balls) on the top rail. Use soft, medium, and hard draw to hit the TBs on the bottom rail. Use a hard stun shot to hit the TB on the tangent line. ",
   "scoring": "1 point for making the OB and 1 point for hitting the TB.",
   "url": "https://pad.chalkysticks.com/013b8.svg"
 },
 {
   "id": "drill-d1",
   "title": "D1 - Line of Balls",
   "category": "doctorate",
   "rules": "<ul><li>Pocket the balls in rotation (i.e., in numerical order) in any pockets without scratching or contacting any of the remaining balls.</li><li>If you disturb a ball while pocketing one, the one pocketed counts, but the run ends.</li></ul>",
   "scoring": "Points = number of balls made in succession. Attempts = number of balls in the drill.",
   "url": "http://billiarduniversity.salvatore.us/images/d1_line.svg"
 },
 {
   "id": "drill-d2",
   "title": "D2 - Rail Cut Shot",
   "category": "doctorate",
   "rules": "<ul><li>Shoot the balls in any order.</li><li>You are not allowed to scratch, shoot combinations, or disturb any of the remaining balls.</li></ul>",
   "scoring": "Points = number of balls made in succession. Attempts = number of balls in the drill.",
   "url": "http://billiarduniversity.salvatore.us/images/d2_rails.svg"
 },
 {
   "id": "drill-d3a",
   "title": "D3a - 9-Ball Pattern 1",
   "category": "doctorate",
   "rules": "<ul><li>Pocket each ball legally (w/o scratching) under 9-ball “rotation” rules, always hitting the lowest-numbered ball first. </li><li>If the 9-ball is pocketed early (e.g., with a combo or carom shot), you must still pocket the remaining balls in rotation.</li></ul>",
   "scoring": "Points = number of balls made in succession. Attempts = number of balls in the drill.",
   "url": "http://billiarduniversity.salvatore.us/images/d3a_9ball.svg"
 },
 {
   "id": "drill-d3b",
   "title": "D3b - 9-Ball Pattern 2",
   "category": "doctorate",
   "rules": "<ul><li>Pocket each ball legally (w/o scratching) under 9-ball “rotation” rules, always hitting the lowest-numbered ball first. </li><li>If the 9-ball is pocketed early (e.g., with a combo or carom shot), you must still pocket the remaining balls in rotation.</li></ul>",
   "scoring": "Points = number of balls made in succession. Attempts = number of balls in the drill.",
   "url": "http://billiarduniversity.salvatore.us/images/d3b_9ball.svg"
 },
 {
   "id": "drill-d3c",
   "title": "D3c - 9-Ball Pattern 3",
   "category": "doctorate",
   "rules": "<ul><li>Pocket each ball legally (w/o scratching) under 9-ball “rotation” rules, always hitting the lowest-numbered ball first. </li><li>If the 9-ball is pocketed early (e.g., with a combo or carom shot), you must still pocket the remaining balls in rotation.</li></ul>",
   "scoring": "Points = number of balls made in succession. Attempts = number of balls in the drill.",
   "url": "http://billiarduniversity.salvatore.us/images/d3c_9ball.svg"
 },
 {
   "id": "drill-d4a",
   "title": "D4a - 8-Ball Pattern 1",
   "category": "doctorate",
   "rules": "<ul><li>Pocket each striped ball legally and by calling your shot before attempting the 8-ball.</li><li>Call and pocket the 8-ball.</li><li>You are allowed to contact the obstacle balls on the table.</li></ul>",
   "scoring": "Points = number of balls made in succession. Attempts = number of balls in the drill.",
   "url": "http://billiarduniversity.salvatore.us/images/d4a_8ball.svg"
 },
 {
   "id": "drill-d4b",
   "title": "D4b - 8-Ball Pattern 2",
   "category": "doctorate",
   "rules": "<ul><li>Pocket each striped ball legally and by calling your shot before attempting the 8-ball.</li><li>Call and pocket the 8-ball.</li><li>You are allowed to contact the obstacle balls on the table.</li></ul>",
   "scoring": "Points = number of balls made in succession. Attempts = number of balls in the drill.",
   "url": "http://billiarduniversity.salvatore.us/images/d4b_8ball.svg"
 },
 {
   "id": "drill-d4c",
   "title": "D4c - 8-Ball Pattern 3",
   "category": "doctorate",
   "rules": "<ul><li>Pocket each striped ball legally and by calling your shot before attempting the 8-ball.</li><li>Call and pocket the 8-ball.</li><li>You are allowed to contact the obstacle balls on the table.</li></ul>",
   "scoring": "Points = number of balls made in succession. Attempts = number of balls in the drill.",
   "url": "http://billiarduniversity.salvatore.us/images/d4c_8ball.svg"
 },
 {
   "id": "drill-d5",
   "title": "D5 - Safety Shot",
   "category": "doctorate",
   "rules": "<ul><li>Shoot into the OB (1 ball) from each of the three CB positions, to hide the OB from the CB with no direct path of contact between the balls.</li><li>The 1 ball may not be pocketed.</li><li>You are allowed to contact the balls in the obstacle cluster, but all of them must remain within or overlapping the target.</li><li>The rectangular target can be printed and cut out from a template on the website. It is an 8.5”x11” sheet of paper with the center removed, leaving a 1” border.</li></ul>",
   "scoring": "Points = number of successful hides. Attempts = number of shots to achieve those successes.",
   "url": "http://billiarduniversity.salvatore.us/images/d5_safety.svg"
 },
 {
   "id": "drill-d6",
   "title": "D6 - Kick Shot",
   "category": "doctorate",
   "rules": "<ul><li>Kick at each OB off the same long rail (as shown), with the CB in the same starting position for each kick.</li><li>A scratch is considered a miss.</li></ul>",
   "scoring": "Points = number of successes. Attempts = number of shots to achieve those successes.",
   "url": "http://billiarduniversity.salvatore.us/images/d6_kicks.svg"
 },
 {
   "id": "drill-d7",
   "title": "D7 - Bank Shot",
   "category": "doctorate",
   "rules": "<ul><li>With CB in hand for each shot, bank each ball cross side.</li></ul>",
   "scoring": "Points = number of successes. Attempts = number of shots to achieve those successes.",
   "url": "http://billiarduniversity.salvatore.us/images/d7_banks.svg"
 },
 {
   "id": "drill-d8",
   "title": "D8 - Elevated Cue Shot",
   "category": "doctorate",
   "rules": "<ul><li>Pocket each OB from the indicated CB position without scratching.</li></ul>",
   "scoring": "Points = number of successes. Attempts = number of shots to achieve those successes.",
   "url": "http://billiarduniversity.salvatore.us/images/d8_elevated.svg"
 },
 {
   "id": "drill-d9a",
   "title": "D9a - Jump Shot",
   "category": "doctorate",
   "rules": "<ul><li>Pocket the OB with no obstacle-ball contact.</li><li>Scratches are ok.</li></ul>",
   "scoring": "Points = number of successes. Attempts = number of shots to achieve those successes.",
   "url": "http://billiarduniversity.salvatore.us/images/d9a_jump.svg"
 },
 {
   "id": "drill-d9b",
   "title": "D9b - Massé Shot",
   "category": "doctorate",
   "rules": "<ul><li>Pocket the OB with no obstacle-ball contact.</li><li>Scratches are ok.</li></ul>",
   "scoring": "Points = number of successes. Attempts = number of shots to achieve those successes.",
   "url": "http://billiarduniversity.salvatore.us/images/d9b_masse.svg"
 },
 {
   "id": "drill-d10",
   "title": "D10 - Break Shot",
   "category": "doctorate",
   "rules": "<ul><li>Break the balls from behind the head string.</li><li>Score 1 point for each of the following:<ol><li>No scratch.</li><li>The CB was not driven to a cushion.</li><li>The CB remained within the center 4-diamond target zone during the entire break.</li><li>A ball(s) was pocketed</li><li></ol></li><li>Three or more OBs either pocketed and/or driven above the head string.</li></ul>",
   "scoring": "Points = number of points scored according to the rules listed in the rules section. Attempts = Enter 5 for each break attempt.",
   "url": "http://billiarduniversity.salvatore.us/images/d10_break.svg"
 }
]
